{
    "timestamp": "2025-11-28 09:40:44",
    "catboost": {
        "best_params": {
            "subsample": 0.8,
            "random_strength": 0.5,
            "min_data_in_leaf": 3,
            "learning_rate": 0.05,
            "l2_leaf_reg": 3,
            "iterations": 100,
            "depth": 4
        },
        "best_f2_score": 0.7477013937125265,
        "test_metrics": {
            "accuracy": 0.8300000000000001,
            "precision": 0.5839404074186682,
            "recall": 0.8053763440860214,
            "f1": 0.6759699248120301,
            "f2": 0.7477013937125265,
            "roc_auc": 0.8212119418511843,
            "false_negative_rate": 19.480519480519483
        }
    },
    "logistic_regression": {
        "best_params": {
            "solver": "saga",
            "penalty": "l1",
            "max_iter": 1000,
            "class_weight": "balanced",
            "C": 0.1
        },
        "best_f2_score": 0.7214536269049647,
        "test_metrics": {
            "accuracy": 0.7728571428571429,
            "precision": 0.49333121632309174,
            "recall": 0.8187096774193549,
            "f1": 0.6139156551186742,
            "f2": 0.7214536269049647,
            "roc_auc": 0.7894382415453738,
            "false_negative_rate": 18.181818181818183
        }
    },
    "lightgbm": {
        "best_params": {
            "subsample": 0.7,
            "reg_lambda": 0.1,
            "reg_alpha": 0.5,
            "num_leaves": 15,
            "n_estimators": 400,
            "min_child_samples": 20,
            "max_depth": 4,
            "learning_rate": 0.01,
            "colsample_bytree": 0.9
        },
        "best_f2_score": 0.7608770052023092,
        "test_metrics": {
            "accuracy": 0.8300000000000001,
            "precision": 0.5828030803608971,
            "recall": 0.8245161290322581,
            "f1": 0.6823498754766361,
            "f2": 0.7608770052023092,
            "roc_auc": 0.8280045198956121,
            "false_negative_rate": 17.532467532467532
        }
    },
    "tabpfn": {
        "best_params": {
            "threshold": 0.10242949426174164
        },
        "best_f2_score": 0.7733267801222119,
        "test_metrics": {
            "accuracy": 0.7285714285714284,
            "precision": 0.44636383300886867,
            "recall": 0.9483870967741936,
            "f1": 0.6063315127889768,
            "f2": 0.7733267801222119,
            "roc_auc": 0.9033998583048598,
            "false_negative_rate": 5.161290322580645
        }
    },
    "neural_network_mlp": {
        "best_params": {
            "patience": 10,
            "learning_rate": 0.01,
            "hidden_dim": 128,
            "epochs": 150,
            "dropout_rate": 0.5,
            "batch_size": 64
        },
        "best_f2_score": 0.7476321055014923,
        "test_metrics": {
            "accuracy": 0.8142857142857143,
            "precision": 0.5625673347789959,
            "recall": 0.8184946236559141,
            "f1": 0.663945182745713,
            "f2": 0.7476321055014923,
            "roc_auc": 0.8158611566986826,
            "false_negative_rate": 18.181818181818183
        }
    }
}